k,side,h,n,mean,se,period
0.5,long,1,685,0.0010837523966048634,0.0011871300929964766,development
0.5,long,2,685,0.002599867379822961,0.001685665206364055,development
0.5,long,3,685,0.0020423301824807746,0.0020069437270076374,development
0.5,long,4,685,0.0006462346561246229,0.0022702653941194337,development
0.5,long,5,685,6.63733316512951e-05,0.0024744270949442013,development
0.5,long,6,685,-0.00019401650008534112,0.0027503086097094066,development
0.5,long,7,685,-0.0005255796375625542,0.002839411604555117,development
0.5,long,8,685,-0.0020625620158441754,0.0030565020037631283,development
0.5,long,9,685,-0.001247758005612544,0.0032519040444392573,development
0.5,long,10,685,-0.0016465574640805486,0.0033485132610071985,development
0.5,short,1,628,0.0012636966894533136,0.0011074941166048322,development
0.5,short,2,628,0.0003747850675538949,0.0016228123953263543,development
0.5,short,3,628,0.0008020167766551568,0.0019061811233819937,development
0.5,short,4,628,0.001884546719421996,0.0021521387258594347,development
0.5,short,5,628,0.002759842112263672,0.0024965626748810277,development
0.5,short,6,628,0.004641965098839443,0.0026733155079128527,development
0.5,short,7,628,0.006417836740896276,0.0029683000120866113,development
0.5,short,8,628,0.007042482457632177,0.0032155540841707123,development
0.5,short,9,628,0.0053100373265542265,0.003379595000970771,development
0.5,short,10,628,0.0063985433310966506,0.003629999598560872,development
0.5,edge,1,1313,-3.9018377229512104e-05,0.0008152976866317495,development
0.5,edge,2,1313,0.0011771090119991493,0.0011732355615909243,development
0.5,edge,3,1313,0.0006818961456663311,0.0013883757585122004,development
0.5,edge,4,1313,-0.0005642228487065088,0.0015689991690952258,development
0.5,edge,5,1313,-0.001285388510525856,0.0017582678443672914,development
0.5,edge,6,1313,-0.002321443552650137,0.0019221506910112544,development
0.5,edge,7,1313,-0.0033438107578166107,0.0020526474748935237,development
0.5,edge,8,1313,-0.0044444280001875594,0.00221564687785727,development
0.5,edge,9,1313,-0.003190721763077416,0.0023430906960385817,development
0.5,edge,10,1313,-0.003919403712737145,0.002462898379462594,development
0.75,long,1,494,0.002414920703841527,0.0013969132113927436,development
0.75,long,2,494,0.004446295219043879,0.0019827748682630575,development
0.75,long,3,494,0.0022512288918860772,0.0024061994299507247,development
0.75,long,4,494,0.0017851922438957882,0.0026916840233615733,development
0.75,long,5,494,0.0014708798193131215,0.002933582080857066,development
0.75,long,6,494,0.0021431271557838523,0.0032596193594843907,development
0.75,long,7,494,0.0015473978154706418,0.0034315145539913923,development
0.75,long,8,494,-8.253476738008441e-05,0.0036699622679363503,development
0.75,long,9,494,0.001236196215745797,0.003942684171508455,development
0.75,long,10,494,0.000982082507438399,0.00400333938900156,development
0.75,short,1,476,0.002104493571636538,0.0012556338991245313,development
0.75,short,2,476,-0.0007841901831075683,0.0018815479057206928,development
0.75,short,3,476,-0.001634245493189499,0.002199776209394799,development
0.75,short,4,476,0.00021877621966322926,0.002456632135943207,development
0.75,short,5,476,0.0006223046135553094,0.002893784243838304,development
0.75,short,6,476,0.002170731435174082,0.003123449102226884,development
0.75,short,7,476,0.003538305037139281,0.00340999354975664,development
0.75,short,8,476,0.004608224887007404,0.0036893061474984573,development
0.75,short,9,476,0.0027706329196815404,0.0038475292393679323,development
0.75,short,10,476,0.002907854663397777,0.004167137826233771,development
0.75,edge,1,970,0.00019714627587497113,0.0009434693700003011,development
0.75,edge,2,970,0.0026492209952235874,0.0013688349645745947,development
0.75,edge,3,970,0.0019484617807731172,0.0016322672458345044,development
0.75,edge,4,970,0.000801801533943116,0.0018248377808555527,development
0.75,edge,5,970,0.0004437089017405714,0.0020604215765978916,development
0.75,edge,6,970,2.6223352385938317e-05,0.0022593418042532814,development
0.75,edge,7,970,-0.0009482666771503105,0.0024196802697021924,development
0.75,edge,8,970,-0.002303388887939469,0.002601770454187809,development
0.75,edge,9,970,-0.0007300415867938033,0.0027555151849867187,development
0.75,edge,10,970,-0.0009267938774255382,0.0028868129179047504,development
1.0,long,1,371,0.002458496600566368,0.0016589753689944824,development
1.0,long,2,371,0.004749269384819827,0.002368440137013102,development
1.0,long,3,371,0.003746610517138814,0.002843636286232468,development
1.0,long,4,371,0.002648011243932181,0.0032178646243421647,development
1.0,long,5,371,0.00255571690457976,0.0034849744581517544,development
1.0,long,6,371,0.0030473515988230005,0.003857404918077014,development
1.0,long,7,371,0.0030817685715610684,0.004077666387093658,development
1.0,long,8,371,0.0007965565211430707,0.004286314279250553,development
1.0,long,9,371,0.0010911999808441717,0.0045724134982210755,development
1.0,long,10,371,0.0019199555965070344,0.0046576784052493525,development
1.0,short,1,356,0.002993767974696974,0.0015366503206456705,development
1.0,short,2,356,-0.0006549334723438315,0.002304041068117198,development
1.0,short,3,356,-0.0007786897449550016,0.002679513445975019,development
1.0,short,4,356,0.001266494635294757,0.003006982875114144,development
1.0,short,5,356,0.0013412992865061697,0.003454534251409663,development
1.0,short,6,356,0.003948197627309977,0.003714669617134311,development
1.0,short,7,356,0.006307442580424963,0.004000853730345562,development
1.0,short,8,356,0.0071969268264233605,0.004359061316404289,development
1.0,short,9,356,0.005701292804786148,0.0045499597797812345,development
1.0,short,10,356,0.006069142737807322,0.004897761170434205,development
1.0,edge,1,727,-0.00021138811579367295,0.0011364077128669346,development
1.0,edge,2,727,0.0027443401071837134,0.0016540274321756845,development
1.0,edge,3,727,0.0022932682958218442,0.0019558293521964427,development
1.0,edge,4,727,0.0007311417900053718,0.0022053014194600077,development
1.0,edge,5,727,0.0006474118646532238,0.002453853016801687,development
1.0,edge,6,727,-0.00037825434959975123,0.0026815594867506745,development
1.0,edge,7,727,-0.0015159744409657912,0.0028613868375636986,development
1.0,edge,8,727,-0.0031177214317230223,0.003057792469367036,development
1.0,edge,9,727,-0.0022349725524218435,0.0032265112931218814,development
1.0,edge,10,727,-0.0019921750871462122,0.003377565452855759,development
1.25,long,1,275,0.002039597456876712,0.00202218621427032,development
1.25,long,2,275,0.005371033404241,0.0028414135849447473,development
1.25,long,3,275,0.005123606923511947,0.003350125251456001,development
1.25,long,4,275,0.003772713749124477,0.003727886918166732,development
1.25,long,5,275,0.006291188556659126,0.0042084778215329315,development
1.25,long,6,275,0.0061070733834348466,0.0046529930631431715,development
1.25,long,7,275,0.0055860719236139915,0.00473582259635883,development
1.25,long,8,275,0.004606713333296788,0.0050348527640676636,development
1.25,long,9,275,0.006840186904417679,0.005442912737747008,development
1.25,long,10,275,0.007050130989307222,0.005441227373688411,development
1.25,short,1,263,0.0022749011534007263,0.001751995772898846,development
1.25,short,2,263,-0.0015802857058088411,0.002645295463393977,development
1.25,short,3,263,-0.000742930434791379,0.0030536001391476223,development
1.25,short,4,263,0.002747817995786995,0.003404866766562993,development
1.25,short,5,263,0.0012623923324930494,0.004009645891103682,development
1.25,short,6,263,0.003155263598167845,0.004363981510612026,development
1.25,short,7,263,0.006547087068770008,0.0045910486535071125,development
1.25,short,8,263,0.00819528985735022,0.004954087567958197,development
1.25,short,9,263,0.006264098325429657,0.005304352997650321,development
1.25,short,10,263,0.007718302046814624,0.005768262130008405,development
1.25,edge,1,538,-6.953476338902524e-05,0.00134434941812711,development
1.25,edge,2,538,0.0035179355516617096,0.001944570235012397,development
1.25,edge,3,538,0.0029821238072786586,0.0022715752662572685,development
1.25,edge,4,538,0.0005851675615562295,0.002531670092165974,development
1.25,edge,5,538,0.0025986387911442164,0.002912110797437578,development
1.25,edge,6,538,0.0015792023310900358,0.0031982461750983916,development
1.25,edge,7,538,-0.0003451935317707513,0.0033083474714062557,development
1.25,edge,8,538,-0.0016515149922425503,0.003541388122567397,development
1.25,edge,9,538,0.00043418873443654604,0.0038101423329533414,development
1.25,edge,10,538,-0.00016938181459620857,0.003969775538097238,development
1.5,long,1,194,-0.00027831169255289237,0.0020584748868284204,development
1.5,long,2,194,0.002342850450939148,0.0027753057387356964,development
1.5,long,3,194,0.002537613945516795,0.0033278693352343076,development
1.5,long,4,194,0.001831836413444113,0.003925060884728043,development
1.5,long,5,194,0.007481883931004379,0.0044881353807661555,development
1.5,long,6,194,0.0064292554182311685,0.0050909275832624196,development
1.5,long,7,194,0.007660842872296522,0.005281878189960906,development
1.5,long,8,194,0.0075219809223829575,0.005816996179006287,development
1.5,long,9,194,0.008784625520559338,0.006159047505294535,development
1.5,long,10,194,0.009687196948505073,0.006027645896279532,development
1.5,short,1,193,0.0032410778689105505,0.0021883630228841304,development
1.5,short,2,193,-0.0006294507197016837,0.0032310170627820965,development
1.5,short,3,193,5.6682994037002e-05,0.0036044287136627654,development
1.5,short,4,193,0.004088003667828974,0.003961343998774539,development
1.5,short,5,193,0.0009820872123380558,0.004813481289867221,development
1.5,short,6,193,0.002080197513917566,0.005287738845320217,development
1.5,short,7,193,0.004354763838227919,0.005519943272766995,development
1.5,short,8,193,0.00747347227447098,0.00586406413279156,development
1.5,short,9,193,0.005225011937440404,0.006269924076146852,development
1.5,short,10,193,0.00621374797424071,0.006839187571983714,development
1.5,edge,1,387,-0.0017558669174547728,0.0015019002923256728,development
1.5,edge,2,387,0.001488364280063617,0.0021265215258765013,development
1.5,edge,3,387,0.0012438172805713619,0.0024501000559769438,development
1.5,edge,4,387,-0.0011204352549944038,0.0027886959868368808,development
1.5,edge,5,387,0.003260833722567454,0.003292832882007476,development
1.5,edge,6,387,0.002185523077392135,0.003671360170949354,development
1.5,edge,7,387,0.0016685635567119813,0.0038268108495813223,development
1.5,edge,8,387,4.3628294494559066e-05,0.004142104069249817,development
1.5,edge,9,387,0.0017979070983527466,0.004403054581575903,development
1.5,edge,10,387,0.001757268343621518,0.004568733766183201,development
2.0,long,1,97,0.002550818228368688,0.003196530525269722,development
2.0,long,2,97,0.0049607662279105525,0.004278414191405863,development
2.0,long,3,97,0.004196269650982088,0.004978751585204935,development
2.0,long,4,97,0.00572381373286344,0.0056679993800218525,development
2.0,long,5,97,0.015698833013097217,0.006217078051195235,development
2.0,long,6,97,0.012243044493462875,0.007026102231047087,development
2.0,long,7,97,0.01777854479320039,0.0074269362533839825,development
2.0,long,8,97,0.01695144177249609,0.00831572086817142,development
2.0,long,9,97,0.01843165562689836,0.009233799440859756,development
2.0,long,10,97,0.01845263541489018,0.009175065248700438,development
2.0,short,1,84,0.005003433414733766,0.0029831671066323233,development
2.0,short,2,84,-0.0007962873476130292,0.004439783900893911,development
2.0,short,3,84,-0.0007803457502037843,0.004490250211234922,development
2.0,short,4,84,0.0028049695820964522,0.004928164327000128,development
2.0,short,5,84,-0.0014314751904715617,0.006016712280204027,development
2.0,short,6,84,0.0012930610393836713,0.007261421858238943,development
2.0,short,7,84,-0.000584702162767101,0.008370147481048468,development
2.0,short,8,84,0.005269919016854803,0.00829233753678197,development
2.0,short,9,84,0.003930237193729826,0.009393566615461119,development
2.0,short,10,84,0.00612121080013048,0.010703045667213211,development
2.0,edge,1,181,-0.0009550223131816224,0.0022144330440229056,development
2.0,edge,2,181,0.003028079896722751,0.003077997304258053,development
2.0,edge,3,181,0.00261097900089713,0.0033787091682272205,development
2.0,edge,4,181,0.0017657043491251473,0.0038052717766883237,development
2.0,edge,5,181,0.009077517780497467,0.004367564198784814,development
2.0,edge,6,181,0.005961094964407019,0.005064248947142441,development
2.0,edge,7,181,0.009799081914988256,0.005582701115609982,development
2.0,edge,8,181,0.006638766047051475,0.005929759350006896,development
2.0,edge,9,181,0.008053760616220085,0.0066289986309843296,development
2.0,edge,10,181,0.007048198497422027,0.0070291950708356345,development
0.5,long,1,388,0.0005021738232340496,0.0012110217886083896,validation
0.5,long,2,388,0.0011476433947902457,0.0018329094139174329,validation
0.5,long,3,388,0.0007618942815463579,0.0019959596065124516,validation
0.5,long,4,388,-0.0002306343137020975,0.002389624086884234,validation
0.5,long,5,388,0.00028863425482959527,0.002586461977241508,validation
0.5,long,6,388,0.0008195398480967743,0.002713269529955675,validation
0.5,long,7,388,0.001672535911378436,0.0027754745737583464,validation
0.5,long,8,388,0.0014732055944578612,0.003034308091173651,validation
0.5,long,9,388,0.0024182098024744573,0.003193644109165337,validation
0.5,long,10,388,0.00342822995365257,0.003261675043105045,validation
0.5,short,1,377,-0.0007454018115054257,0.00116972692960428,validation
0.5,short,2,377,5.076918706457134e-05,0.0014921801822542857,validation
0.5,short,3,377,0.00033656176603820496,0.0019804617000524502,validation
0.5,short,4,377,0.0030524036355879165,0.0020425965211054256,validation
0.5,short,5,377,0.003927629784659839,0.0021448177184991667,validation
0.5,short,6,377,0.004469246655237805,0.002424063086443443,validation
0.5,short,7,377,0.002786791282538837,0.0027911985821731417,validation
0.5,short,8,377,0.0028839822654026324,0.002886559660833685,validation
0.5,short,9,377,0.004408371577028806,0.002959919706914993,validation
0.5,short,10,377,0.003980821312749516,0.0030270451320041384,validation
0.5,edge,1,765,0.000622039119414846,0.0008418158867715373,validation
0.5,edge,2,765,0.0005570531420330347,0.0011847430680092727,validation
0.5,edge,3,765,0.00022056365417461897,0.0014054112443546542,validation
0.5,edge,4,765,-0.00162123174422622,0.001575298971875434,validation
0.5,edge,5,765,-0.0017891847554808837,0.0016852999154144664,validation
0.5,edge,6,765,-0.0017868294483177835,0.0018236404784417676,validation
0.5,edge,7,765,-0.0005250671632709905,0.0019685325660305664,validation
0.5,edge,8,765,-0.0006740621482446303,0.0020958249167767275,validation
0.5,edge,9,765,-0.0009460008904310732,0.0021818536548071114,validation
0.5,edge,10,765,-0.000223027990705059,0.002230133228385114,validation
0.75,long,1,295,0.0004935025644155627,0.0014688086076948853,validation
0.75,long,2,295,0.0012059941094673997,0.0022652176495069694,validation
0.75,long,3,295,0.0019147752087358754,0.0023749974419407954,validation
0.75,long,4,295,0.00043610325459176604,0.0027825033519558477,validation
0.75,long,5,295,0.0014010097260686901,0.002836198377677077,validation
0.75,long,6,295,0.0022484963031481025,0.003139114307975857,validation
0.75,long,7,295,0.003113981786655064,0.003256060988572343,validation
0.75,long,8,295,0.00424997663871193,0.0033052003702006543,validation
0.75,long,9,295,0.003332092832978194,0.003657889223494554,validation
0.75,long,10,295,0.003939952665639001,0.0037634100140483593,validation
0.75,short,1,288,-0.001993846350160762,0.0013798907273880057,validation
0.75,short,2,288,-0.0013035084506499313,0.0017232891252360893,validation
0.75,short,3,288,0.00041666269310126246,0.002387311927503998,validation
0.75,short,4,288,0.0033978037093726652,0.00234329162351624,validation
0.75,short,5,288,0.004255730239418758,0.0023883087074143047,validation
0.75,short,6,288,0.0037723069069230445,0.0027770408215087037,validation
0.75,short,7,288,0.0018909069424785914,0.0031960281339778493,validation
0.75,short,8,288,0.0014212731512221648,0.003207826014298313,validation
0.75,short,9,288,0.002979086325544102,0.0033009988455217133,validation
0.75,short,10,288,0.0027587109252139416,0.0033999887032237584,validation
0.75,edge,1,583,0.0012346672475967246,0.0010080990819384037,validation
0.75,edge,2,583,0.0012541658594855288,0.0014265437953716166,validation
0.75,edge,3,583,0.0007630528833000343,0.00168299987188384,validation
0.75,edge,4,583,-0.001457833633267164,0.0018228979890723932,validation
0.75,edge,5,583,-0.0013934004112561556,0.0018599440779032733,validation
0.75,edge,6,583,-0.0007257598280705773,0.0021007180165412563,validation
0.75,edge,7,583,0.0006415839238926411,0.0022823289914219486,validation
0.75,edge,8,583,0.0014483986978868534,0.002304972582674549,validation
0.75,edge,9,583,0.00021439197936855202,0.002468127223303523,validation
0.75,edge,10,583,0.0006308358317356605,0.002540782327828664,validation
1.0,long,1,219,-0.00034233607764029534,0.0017756632040519691,validation
1.0,long,2,219,0.0006193448044377278,0.002657192411588086,validation
1.0,long,3,219,0.0009282457854479104,0.002614230308246357,validation
1.0,long,4,219,0.0007213021361300449,0.003134676354189628,validation
1.0,long,5,219,0.002609636514705922,0.003086862887006678,validation
1.0,long,6,219,0.0033090934007155956,0.003207620079370064,validation
1.0,long,7,219,0.0028382115960794044,0.003765790809309843,validation
1.0,long,8,219,0.0035610161331043506,0.003945634784768143,validation
1.0,long,9,219,0.003637580931813128,0.0041991690150827415,validation
1.0,long,10,219,0.004653030639626828,0.004368871642574066,validation
1.0,short,1,218,-0.0022044616622434845,0.0016530908234603325,validation
1.0,short,2,218,-0.001956117691727435,0.0019768387084587195,validation
1.0,short,3,218,0.0005072201518117911,0.002833123896643681,validation
1.0,short,4,218,0.003989678907396685,0.002756115208710979,validation
1.0,short,5,218,0.005344853161436092,0.0027375366645235252,validation
1.0,short,6,218,0.005215477088622468,0.003107696123614864,validation
1.0,short,7,218,0.003979017648781255,0.003310288424997498,validation
1.0,short,8,218,0.0024536216935595917,0.0035777458766600464,validation
1.0,short,9,218,0.0034762393223888854,0.0038890875484704967,validation
1.0,short,10,218,0.00426049013385136,0.0037952837152803493,validation
1.0,edge,1,437,0.0009281488360774713,0.0012133652173351285,validation
1.0,edge,2,437,0.0012862017596531874,0.0016554448662110624,validation
1.0,edge,3,437,0.00021215522635725806,0.0019252307394563143,validation
1.0,edge,4,437,-0.0016287982471395823,0.002088277204469178,validation
1.0,edge,5,437,-0.0013585070765960436,0.0020699221150016537,validation
1.0,edge,6,437,-0.0009434383308077412,0.002240006418762347,validation
1.0,edge,7,437,-0.0005626029928899864,0.0025101298310504106,validation
1.0,edge,8,437,0.0005605789564161607,0.0026645366514564646,validation
1.0,edge,9,437,8.881018715400034e-05,0.002864027268470417,validation
1.0,edge,10,437,0.0002064687892418267,0.0028990617704676707,validation
1.25,long,1,158,0.0001359781273565884,0.0022217735492353397,validation
1.25,long,2,158,0.0027260654925424974,0.0033394932485439704,validation
1.25,long,3,158,0.0025582769079595786,0.0032033870733718644,validation
1.25,long,4,158,0.0016773308824441049,0.003938017918498255,validation
1.25,long,5,158,0.003857624002260165,0.0038474631310084794,validation
1.25,long,6,158,0.004606721853720646,0.004024770617762011,validation
1.25,long,7,158,0.004579503956086557,0.004803560600696694,validation
1.25,long,8,158,0.006655198669600141,0.004988556792281417,validation
1.25,long,9,158,0.005341105209744009,0.005317396451772454,validation
1.25,long,10,158,0.006583492310727799,0.005503176857280053,validation
1.25,short,1,168,-0.002230222665948612,0.002005096311423911,validation
1.25,short,2,168,-0.0032402245711904143,0.0023165789930929695,validation
1.25,short,3,168,-0.0013956847908105276,0.0032846993679239906,validation
1.25,short,4,168,0.0016182859159726188,0.003001922109870845,validation
1.25,short,5,168,0.003372390178237516,0.0030191307545683835,validation
1.25,short,6,168,0.003502659783058417,0.0036484762413010238,validation
1.25,short,7,168,0.0008023322859705855,0.00385890100328158,validation
1.25,short,8,168,-0.0018179813541242447,0.004170613794172447,validation
1.25,short,9,168,-0.0012474862410571243,0.004592146533078669,validation
1.25,short,10,168,0.0006974576161290805,0.004344019238504283,validation
1.25,edge,1,326,0.0012152207116616803,0.0014912140776791052,validation
1.25,edge,2,326,0.0029910309073058416,0.0020080700113976604,validation
1.25,edge,3,326,0.001959149681944116,0.0022936082896294206,validation
1.25,edge,4,326,-2.1023786678623104e-05,0.0024546920118951616,validation
1.25,edge,5,326,0.00013172712396688075,0.0024330457554620254,validation
1.25,edge,6,326,0.00042765401636211194,0.0027144162903080895,validation
1.25,edge,7,326,0.0018060423344129371,0.0030606917369191034,validation
1.25,edge,8,326,0.0041623995622383295,0.003232717437793017,validation
1.25,edge,9,326,0.003231510158396166,0.0034952761121406,validation
1.25,edge,10,326,0.0028313463361512455,0.003482574262881722,validation
1.5,long,1,109,0.0015465446271328267,0.0027300370605425903,validation
1.5,long,2,109,0.002357595614558886,0.004644818756433322,validation
1.5,long,3,109,0.00145759056250621,0.004070692338154377,validation
1.5,long,4,109,0.001069567984946457,0.005443538940817511,validation
1.5,long,5,109,0.0033158559859589195,0.0051195345976697846,validation
1.5,long,6,109,0.004886276551960505,0.005356243072326028,validation
1.5,long,7,109,0.0044264087637039835,0.006474879507056859,validation
1.5,long,8,109,0.005092165080813239,0.006447074837958686,validation
1.5,long,9,109,0.002887721023256294,0.0067538998809460946,validation
1.5,long,10,109,0.004264060654918571,0.006942525018251949,validation
1.5,short,1,111,-0.0021950473894649693,0.0027781995465608537,validation
1.5,short,2,111,-0.003945410656873922,0.0030987636903714822,validation
1.5,short,3,111,-0.0014500414445513241,0.004493216073033054,validation
1.5,short,4,111,0.003197459831147178,0.0037302043551939073,validation
1.5,short,5,111,0.006403247033263477,0.0035760191511508116,validation
1.5,short,6,111,0.007983623285911158,0.004691756853040223,validation
1.5,short,7,111,0.006149775609416548,0.005111254392540305,validation
1.5,short,8,111,0.0044142237779070575,0.005376392165451262,validation
1.5,short,9,111,0.003478857461028076,0.005858042047963449,validation
1.5,short,10,111,0.00547674691873765,0.005406662739635446,validation
1.5,edge,1,220,0.00187374374812768,0.0019435934538841147,validation
1.5,edge,2,220,0.0031587204768178355,0.0027762720122297786,validation
1.5,edge,3,220,0.0014537816893562445,0.003027396458306594,validation
1.5,edge,4,220,-0.0010833415040826045,0.0032843823508994156,validation
1.5,edge,5,220,-0.001587873264648743,0.0031228983244942967,validation
1.5,edge,6,220,-0.0016071729116929247,0.003574544690382842,validation
1.5,edge,7,220,-0.00090975698818865,0.004122116169106065,validation
1.5,edge,8,220,0.00029575979300435965,0.004193354524410147,validation
1.5,edge,9,220,-0.0003245072119962732,0.004459627557917939,validation
1.5,edge,10,220,-0.0006506195299716139,0.00439237670931421,validation
2.0,long,1,59,0.0003920628875813347,0.004314477000801192,validation
2.0,long,2,59,0.0019058805802013212,0.007899803083533588,validation
2.0,long,3,59,0.0019631204316538486,0.006139958773761775,validation
2.0,long,4,59,0.00226953476095652,0.008815360099655098,validation
2.0,long,5,59,0.004882195184822846,0.00826191166105333,validation
2.0,long,6,59,0.00684876089262162,0.00849251560988635,validation
2.0,long,7,59,0.007479966044569066,0.010652887464810917,validation
2.0,long,8,59,0.010089808243225659,0.010565866297161589,validation
2.0,long,9,59,0.009085504101925625,0.011123288843125067,validation
2.0,long,10,59,0.011507899038289247,0.011236543928912652,validation
2.0,short,1,42,-0.004155960054970331,0.006597813371727305,validation
2.0,short,2,42,-0.01240147122047346,0.00685346735718642,validation
2.0,short,3,42,-0.008385636904816309,0.010609944224029194,validation
2.0,short,4,42,-0.005634862308786422,0.00727891458681935,validation
2.0,short,5,42,0.003569964261381104,0.005335589382730148,validation
2.0,short,6,42,0.005331483150882753,0.009041677271345923,validation
2.0,short,7,42,0.0002742198862289857,0.009842955351949883,validation
2.0,short,8,42,-0.005536238066088505,0.010978042951026237,validation
2.0,short,9,42,-0.007914136340528512,0.011947051863260259,validation
2.0,short,10,42,-0.0009680670131889115,0.010049123900309799,validation
2.0,edge,1,101,0.0019572478482777493,0.003709871092263403,validation
2.0,edge,2,101,0.006270383618730328,0.0054240152917723,validation
2.0,edge,3,101,0.004633869856137248,0.005662674733544811,validation
2.0,edge,4,101,0.0036689778996580645,0.00594895349517126,validation
2.0,edge,5,101,0.0013674358111538767,0.005306062672586623,validation
2.0,edge,6,101,0.0017837089141346531,0.006223725247559551,validation
2.0,edge,7,101,0.004255453083247106,0.007423880011885309,validation
2.0,edge,8,101,0.008196244407188427,0.007643436096650511,validation
2.0,edge,9,101,0.008598400676394152,0.008139951244407109,validation
2.0,edge,10,101,0.007124998592207919,0.0077630945526206184,validation
